Package	LibPath	Version	Priority	Depends	Imports	LinkingTo	Suggests	Enhances	License	License_is_FOSS	License_restricts_use	OS_type	MD5sum	NeedsCompilation	Built
askpass	/home/yaotianran/bin/mambaforge/envs/py310/lib/R/library	1.1	NA	NA	sys (>= 2.1)	NA	testthat	NA	MIT + file LICENSE	NA	NA	NA	NA	yes	4.2.0
assertthat	/home/yaotianran/bin/mambaforge/envs/py310/lib/R/library	0.2.1	NA	NA	tools	NA	testthat, covr	NA	GPL-3	NA	NA	NA	NA	no	4.2.0
backports	/home/yaotianran/bin/mambaforge/envs/py310/lib/R/library	1.4.1	NA	R (>= 3.0.0)	NA	NA	NA	NA	GPL-2 | GPL-3	NA	NA	NA	NA	yes	4.2.0
base	/home/yaotianran/bin/mambaforge/envs/py310/lib/R/library	4.2.2	base	NA	NA	NA	methods	NA	Part of R 4.2.2	NA	NA	NA	NA	NA	4.2.2
base64enc	/home/yaotianran/bin/mambaforge/envs/py310/lib/R/library	0.1-3	NA	R (>= 2.9.0)	NA	NA	NA	png	GPL-2 | GPL-3	NA	NA	NA	NA	yes	4.2.0
BH	/home/yaotianran/bin/mambaforge/envs/py310/lib/R/library	1.78.0-0	NA	NA	NA	NA	NA	NA	BSL-1.0	NA	NA	NA	NA	no	4.2.0
Biobase	/home/yaotianran/bin/mambaforge/envs/py310/lib/R/library	2.58.0	NA	R (>= 2.10), BiocGenerics (>= 0.27.1), utils	methods	NA	tools, tkWidgets, ALL, RUnit, golubEsets, BiocStyle, knitr	NA	Artistic-2.0	NA	NA	NA	NA	yes	4.2.1
BiocGenerics	/home/yaotianran/bin/mambaforge/envs/py310/lib/R/library	0.44.0	NA	R (>= 4.0.0), methods, utils, graphics, stats	methods, utils, graphics, stats	NA	Biobase, S4Vectors, IRanges, GenomicRanges, DelayedArray,
Biostrings, Rsamtools, AnnotationDbi, affy, affyPLM, DESeq2,
flowClust, MSnbase, annotate, RUnit	NA	Artistic-2.0	NA	NA	NA	NA	no	4.2.1
BiocIO	/home/yaotianran/bin/mambaforge/envs/py310/lib/R/library	1.8.0	NA	R (>= 4.0)	BiocGenerics, S4Vectors, methods, tools	NA	testthat, knitr, rmarkdown, BiocStyle	NA	Artistic-2.0	NA	NA	NA	NA	no	4.2.1
BiocManager	/home/yaotianran/bin/mambaforge/envs/py310/lib/R/library	1.30.19	NA	NA	utils	NA	BiocVersion, remotes, rmarkdown, testthat, withr, curl, knitr	NA	Artistic-2.0	NA	NA	NA	NA	no	4.2.2
BiocParallel	/home/yaotianran/bin/mambaforge/envs/py310/lib/R/library	1.32.5	NA	methods, R (>= 3.5.0)	stats, utils, futile.logger, parallel, snow, codetools	BH, cpp11	BiocGenerics, tools, foreach, BatchJobs, BBmisc, doParallel,
Rmpi, GenomicRanges, RNAseqData.HNRNPC.bam.chr14,
TxDb.Hsapiens.UCSC.hg19.knownGene, VariantAnnotation,
Rsamtools, GenomicAlignments, ShortRead, RUnit, BiocStyle,
knitr, batchtools, data.table	NA	GPL-2 | GPL-3	NA	NA	NA	NA	yes	4.2.2
BiocVersion	/home/yaotianran/bin/mambaforge/envs/py310/lib/R/library	3.16.0	NA	R (>= 4.2.0)	NA	NA	NA	NA	Artistic-2.0	NA	NA	NA	NA	no	4.2.2
Biostrings	/home/yaotianran/bin/mambaforge/envs/py310/lib/R/library	2.66.0	NA	R (>= 4.0.0), methods, BiocGenerics (>= 0.37.0), S4Vectors (>=
0.27.12), IRanges (>= 2.31.2), XVector (>= 0.37.1),
GenomeInfoDb	methods, utils, grDevices, graphics, stats, crayon	S4Vectors, IRanges, XVector	BSgenome (>= 1.13.14), BSgenome.Celegans.UCSC.ce2 (>=
1.3.11), BSgenome.Dmelanogaster.UCSC.dm3 (>= 1.3.11),
BSgenome.Hsapiens.UCSC.hg18, drosophila2probe, hgu95av2probe,
hgu133aprobe, GenomicFeatures (>= 1.3.14), hgu95av2cdf, affy
(>= 1.41.3), affydata (>= 1.11.5), RUnit	Rmpi	Artistic-2.0	NA	NA	NA	NA	yes	4.2.2
bit	/home/yaotianran/bin/mambaforge/envs/py310/lib/R/library	4.0.4	NA	R (>= 2.9.2)	NA	NA	testthat (>= 0.11.0), roxygen2, knitr, rmarkdown,
microbenchmark, bit64 (>= 4.0.0), ff (>= 4.0.0)	NA	GPL-2 | GPL-3	NA	NA	NA	NA	yes	4.2.0
bit64	/home/yaotianran/bin/mambaforge/envs/py310/lib/R/library	4.0.5	NA	R (>= 3.0.1), bit (>= 4.0.0), utils, methods, stats	NA	NA	NA	NA	GPL-2 | GPL-3	NA	NA	NA	NA	yes	4.2.0
bitops	/home/yaotianran/bin/mambaforge/envs/py310/lib/R/library	1.0-7	NA	NA	NA	NA	NA	NA	GPL (>= 2)	NA	NA	NA	NA	yes	4.2.0
blob	/home/yaotianran/bin/mambaforge/envs/py310/lib/R/library	1.2.3	NA	NA	methods, rlang, vctrs (>= 0.2.1)	NA	covr, crayon, pillar (>= 1.2.1), testthat	NA	MIT + file LICENSE	NA	NA	NA	NA	no	4.2.0
boot	/home/yaotianran/bin/mambaforge/envs/py310/lib/R/library	1.3-28	NA	R (>= 3.0.0), graphics, stats	NA	NA	MASS, survival	NA	Unlimited	NA	NA	NA	NA	no	4.2.0
broom	/home/yaotianran/bin/mambaforge/envs/py310/lib/R/library	0.8.0	NA	R (>= 3.1)	backports, dplyr (>= 1.0.0), ellipsis, generics (>= 0.0.2),
glue, methods, purrr, rlang, stringr, tibble (>= 3.0.0), tidyr
(>= 1.0.0), ggplot2	NA	AER, akima, AUC, bbmle, betareg, biglm, binGroup, boot,
btergm (>= 1.10.6), car, caret, cluster, cmprsk, coda, covr,
drc, e1071, emmeans, epiR, ergm (>= 3.10.4), fixest (>= 0.9.0),
gam (>= 1.15), gee, geepack, glmnet, glmnetUtils, gmm, Hmisc,
irlba, joineRML, Kendall, knitr, ks, Lahman, lavaan, leaps,
lfe, lm.beta, lme4, lmodel2, lmtest (>= 0.9.38), lsmeans, maps,
maptools, margins, MASS, Matrix, mclust, mediation, metafor,
mfx, mgcv, mlogit, modeldata, modeltests, muhaz, multcomp,
network, nnet, orcutt (>= 2.2), ordinal, plm, poLCA, psych,
quantreg, rgeos, rmarkdown, robust, robustbase, rsample,
sandwich, sp, spdep (>= 1.1), spatialreg, speedglm, spelling,
survey, survival, systemfit, testthat (>= 2.1.0), tseries,
vars, zoo	NA	MIT + file LICENSE	NA	NA	NA	NA	no	4.2.0
BSgenome	/home/yaotianran/bin/mambaforge/envs/py310/lib/R/library	1.66.1	NA	R (>= 2.8.0), methods, BiocGenerics (>= 0.13.8), S4Vectors (>=
0.17.28), IRanges (>= 2.13.16), GenomeInfoDb (>= 1.25.6),
GenomicRanges (>= 1.31.10), Biostrings (>= 2.47.6), rtracklayer
(>= 1.39.7)	methods, utils, stats, matrixStats, BiocGenerics, S4Vectors,
IRanges, XVector (>= 0.29.3), GenomeInfoDb, GenomicRanges,
Biostrings, Rsamtools, rtracklayer	NA	BiocManager, Biobase, BSgenome.Celegans.UCSC.ce2,
BSgenome.Hsapiens.UCSC.hg38,
BSgenome.Hsapiens.UCSC.hg38.masked,
BSgenome.Mmusculus.UCSC.mm10, BSgenome.Rnorvegicus.UCSC.rn5,
BSgenome.Scerevisiae.UCSC.sacCer1,
BSgenome.Hsapiens.NCBI.GRCh38,
TxDb.Hsapiens.UCSC.hg38.knownGene,
TxDb.Mmusculus.UCSC.mm10.knownGene,
SNPlocs.Hsapiens.dbSNP144.GRCh38,
XtraSNPlocs.Hsapiens.dbSNP144.GRCh38, hgu95av2probe, RUnit	NA	Artistic-2.0	NA	NA	NA	NA	no	4.2.2
BSgenome.Hsapiens.UCSC.hg19	/home/yaotianran/bin/mambaforge/envs/py310/lib/R/library	1.4.3	NA	BSgenome (>= 1.54.0)	BSgenome	NA		NA	Artistic-2.0	NA	NA	NA	NA	no	4.2.2
BSgenome.Hsapiens.UCSC.hg38	/home/yaotianran/bin/mambaforge/envs/py310/lib/R/library	1.4.4	NA	R (>= 3.5.0), BSgenome (>= 1.60.0)	BSgenome	NA		NA	Artistic-2.0	NA	NA	NA	NA	no	4.2.2
bslib	/home/yaotianran/bin/mambaforge/envs/py310/lib/R/library	0.3.1	NA	R (>= 2.10)	grDevices, htmltools (>= 0.5.2), jsonlite, sass (>= 0.4.0),
jquerylib (>= 0.1.3), rlang	NA	shiny (>= 1.6.0), rmarkdown (>= 2.7), thematic, knitr,
testthat, withr, rappdirs, curl, magrittr	NA	MIT + file LICENSE	NA	NA	NA	NA	no	4.2.0
cachem	/home/yaotianran/bin/mambaforge/envs/py310/lib/R/library	1.0.6	NA	NA	rlang, fastmap	NA	testthat	NA	MIT + file LICENSE	NA	NA	NA	NA	yes	4.2.0
callr	/home/yaotianran/bin/mambaforge/envs/py310/lib/R/library	3.7.0	NA	NA	processx (>= 3.5.0), R6, utils	NA	cli, covr, ps, rprojroot, spelling, testthat, withr (>=
2.3.0)	NA	MIT + file LICENSE	NA	NA	NA	NA	no	4.2.0
caret	/home/yaotianran/bin/mambaforge/envs/py310/lib/R/library	6.0-92	NA	ggplot2, lattice (>= 0.20), R (>= 3.2.0)	e1071, foreach, grDevices, methods, ModelMetrics (>= 1.2.2.2),
nlme, plyr, pROC, recipes (>= 0.1.10), reshape2, stats, stats4,
utils, withr (>= 2.0.0)	NA	BradleyTerry2, covr, Cubist, dplyr, earth (>= 2.2-3),
ellipse, fastICA, gam (>= 1.15), ipred, kernlab, klaR, knitr,
MASS, Matrix, mda, mgcv, mlbench, MLmetrics, nnet, pamr, party
(>= 0.9-99992), pls, proxy, randomForest, RANN, rmarkdown,
rpart, spls, subselect, superpc, testthat (>= 0.9.1), themis
(>= 0.1.3)	NA	GPL (>= 2)	NA	NA	NA	NA	yes	4.2.0
cellranger	/home/yaotianran/bin/mambaforge/envs/py310/lib/R/library	1.1.0	NA	R (>= 3.0.0)	rematch, tibble	NA	covr, testthat (>= 1.0.0), knitr, rmarkdown	NA	MIT + file LICENSE	NA	NA	NA	NA	no	4.2.0
cghFLasso	/home/yaotianran/bin/mambaforge/envs/py310/lib/R/library	0.2-1	NA	NA	NA	NA	NA	NA	GPL (>= 2)	NA	NA	NA	NA	NA	4.2.1
class	/home/yaotianran/bin/mambaforge/envs/py310/lib/R/library	7.3-20	NA	R (>= 3.0.0), stats, utils	MASS	NA	NA	NA	GPL-2 | GPL-3	NA	NA	NA	NA	yes	4.2.0
cli	/home/yaotianran/bin/mambaforge/envs/py310/lib/R/library	3.3.0	NA	R (>= 3.4)	glue (>= 1.6.0), utils	NA	asciicast, callr, covr, digest, grDevices, htmltools,
htmlwidgets, knitr, methods, mockery, processx, ps (>=
1.3.4.9000), rlang, rmarkdown, rstudioapi, shiny, testthat,
tibble, whoami, withr	NA	MIT + file LICENSE	NA	NA	NA	NA	yes	4.2.0
clipr	/home/yaotianran/bin/mambaforge/envs/py310/lib/R/library	0.8.0	NA	NA	utils	NA	covr, knitr, rmarkdown, rstudioapi (>= 0.5), testthat (>=
2.0.0)	NA	GPL-3	NA	NA	NA	NA	no	4.2.0
cluster	/home/yaotianran/bin/mambaforge/envs/py310/lib/R/library	2.1.3	NA	R (>= 3.5.0)	graphics, grDevices, stats, utils	NA	MASS, Matrix	NA	GPL (>= 2)	NA	NA	NA	NA	yes	4.2.0
codetools	/home/yaotianran/bin/mambaforge/envs/py310/lib/R/library	0.2-18	NA	R (>= 2.1)	NA	NA	NA	NA	GPL	NA	NA	NA	NA	no	4.2.0
colorspace	/home/yaotianran/bin/mambaforge/envs/py310/lib/R/library	2.0-3	NA	R (>= 3.0.0), methods	graphics, grDevices, stats	NA	datasets, utils, KernSmooth, MASS, kernlab, mvtnorm, vcd,
tcltk, shiny, shinyjs, ggplot2, dplyr, scales, grid, png, jpeg,
knitr, rmarkdown, RColorBrewer, rcartocolor, scico, viridis,
wesanderson	NA	BSD_3_clause + file LICENSE	NA	NA	NA	NA	yes	4.2.0
commonmark	/home/yaotianran/bin/mambaforge/envs/py310/lib/R/library	1.8.0	NA	NA	NA	NA	curl, testthat, xml2	NA	BSD_2_clause + file LICENSE	NA	NA	NA	NA	yes	4.2.0
compiler	/home/yaotianran/bin/mambaforge/envs/py310/lib/R/library	4.2.2	base	NA	NA	NA	NA	NA	Part of R 4.2.2	NA	NA	NA	NA	NA	4.2.2
cpp11	/home/yaotianran/bin/mambaforge/envs/py310/lib/R/library	0.4.2	NA	NA	NA	NA	bench, brio, callr, cli, covr, decor, desc, ggplot2, glue,
knitr, lobstr, mockery, progress, rmarkdown, scales, Rcpp,
testthat, tibble, utils, vctrs, withr	NA	MIT + file LICENSE	NA	NA	NA	NA	no	4.2.0
crayon	/home/yaotianran/bin/mambaforge/envs/py310/lib/R/library	1.5.1	NA	NA	grDevices, methods, utils	NA	mockery, rstudioapi, testthat, withr	NA	MIT + file LICENSE	NA	NA	NA	NA	no	4.2.0
crul	/home/yaotianran/bin/mambaforge/envs/py310/lib/R/library	1.2.0	NA	NA	curl (>= 3.3), R6 (>= 2.2.0), urltools (>= 1.6.0), httpcode
(>= 0.2.0), jsonlite, mime	NA	testthat, roxygen2 (>= 7.1.1), fauxpas (>= 0.1.0), webmockr
(>= 0.1.0), knitr, rmarkdown	NA	MIT + file LICENSE	NA	NA	NA	NA	no	4.2.0
curl	/home/yaotianran/bin/mambaforge/envs/py310/lib/R/library	4.3.2	NA	R (>= 3.0.0)	NA	NA	spelling, testthat (>= 1.0.0), knitr, jsonlite, rmarkdown,
magrittr, httpuv (>= 1.4.4), webutils	NA	MIT + file LICENSE	NA	NA	NA	NA	yes	4.2.0
data.table	/home/yaotianran/bin/mambaforge/envs/py310/lib/R/library	1.14.2	NA	R (>= 3.1.0)	methods	NA	bit64 (>= 4.0.0), bit (>= 4.0.4), curl, R.utils, xts,
nanotime, zoo (>= 1.8-1), yaml, knitr, rmarkdown	NA	MPL-2.0 | file LICENSE	NA	NA	NA	NA	yes	4.2.0
datasets	/home/yaotianran/bin/mambaforge/envs/py310/lib/R/library	4.2.2	base	NA	NA	NA	NA	NA	Part of R 4.2.2	NA	NA	NA	NA	NA	4.2.2
DBI	/home/yaotianran/bin/mambaforge/envs/py310/lib/R/library	1.1.2	NA	methods, R (>= 3.0.0)	NA	NA	blob, covr, DBItest, dbplyr, downlit, dplyr, glue, hms,
knitr, magrittr, RMariaDB, rmarkdown, rprojroot, RSQLite (>=
1.1-2), testthat, xml2	NA	LGPL (>= 2.1)	NA	NA	NA	NA	no	4.2.0
dbplyr	/home/yaotianran/bin/mambaforge/envs/py310/lib/R/library	2.1.1	NA	R (>= 3.1)	assertthat (>= 0.2.0), blob (>= 1.2.0), DBI (>= 1.0.0), dplyr
(>= 1.0.4), ellipsis, glue (>= 1.2.0), lifecycle (>= 1.0.0),
magrittr, methods, purrr (>= 0.2.5), R6 (>= 2.2.2), rlang (>=
0.2.0), tibble (>= 1.4.2), tidyselect (>= 0.2.4), utils, vctrs,
withr	NA	bit64, covr, knitr, Lahman, nycflights13, odbc, RMariaDB (>=
1.0.2), rmarkdown, RPostgres (>= 1.1.3), RPostgreSQL, RSQLite
(>= 2.1.0), testthat (>= 3.0.2), tidyr	NA	MIT + file LICENSE	NA	NA	NA	NA	no	4.2.0
DelayedArray	/home/yaotianran/bin/mambaforge/envs/py310/lib/R/library	0.24.0	NA	R (>= 4.0.0), methods, stats4, Matrix, BiocGenerics (>=
0.43.4), MatrixGenerics (>= 1.1.3), S4Vectors (>= 0.27.2),
IRanges (>= 2.17.3)	stats	S4Vectors	BiocParallel, HDF5Array (>= 1.17.12), genefilter,
SummarizedExperiment, airway, lobstr, DelayedMatrixStats,
knitr, rmarkdown, BiocStyle, RUnit	NA	Artistic-2.0	NA	NA	NA	NA	yes	4.2.1
digest	/home/yaotianran/bin/mambaforge/envs/py310/lib/R/library	0.6.29	NA	R (>= 3.3.0)	utils	NA	tinytest, simplermarkdown	NA	GPL (>= 2)	NA	NA	NA	NA	yes	4.2.0
DNAcopy	/home/yaotianran/bin/mambaforge/envs/py310/lib/R/library	1.72.0	NA	NA	NA	NA	NA	NA	GPL (>= 2)	NA	NA	NA	NA	yes	4.2.1
doMC	/home/yaotianran/bin/mambaforge/envs/py310/lib/R/library	1.3.8	NA	R (>= 2.14.0), foreach(>= 1.2.0), iterators(>= 1.0.0),
parallel	utils	NA	NA	compiler, RUnit	GPL-2	NA	NA	unix	NA	no	4.2.0
dplyr	/home/yaotianran/bin/mambaforge/envs/py310/lib/R/library	1.0.9	NA	R (>= 3.4.0)	generics, glue (>= 1.3.2), lifecycle (>= 1.0.1), magrittr (>=
1.5), methods, R6, rlang (>= 1.0.2), tibble (>= 2.1.3),
tidyselect (>= 1.1.1), utils, vctrs (>= 0.4.1), pillar (>=
1.5.1)	NA	bench, broom, callr, covr, DBI, dbplyr (>= 1.4.3), ggplot2,
knitr, Lahman, lobstr, microbenchmark, nycflights13, purrr,
rmarkdown, RMySQL, RPostgreSQL, RSQLite, testthat (>= 3.1.1),
tidyr, withr	NA	MIT + file LICENSE	NA	NA	NA	NA	yes	4.2.0
dtplyr	/home/yaotianran/bin/mambaforge/envs/py310/lib/R/library	1.2.1	NA	R (>= 3.3)	crayon, data.table (>= 1.13.0), dplyr (>= 1.0.3), ellipsis,
glue, lifecycle, rlang, tibble, tidyselect, vctrs	NA	bench, covr, knitr, rmarkdown, testthat (>= 3.0.0), tidyr (>=
1.1.0)	NA	MIT + file LICENSE	NA	NA	NA	NA	no	4.2.0
e1071	/home/yaotianran/bin/mambaforge/envs/py310/lib/R/library	1.7-9	NA	NA	graphics, grDevices, class, stats, methods, utils, proxy	NA	cluster, mlbench, nnet, randomForest, rpart, SparseM, xtable,
Matrix, MASS, slam	NA	GPL-2 | GPL-3	NA	NA	NA	NA	yes	4.2.0
ellipsis	/home/yaotianran/bin/mambaforge/envs/py310/lib/R/library	0.3.2	NA	R (>= 3.2)	rlang (>= 0.3.0)	NA	covr, testthat	NA	MIT + file LICENSE	NA	NA	NA	NA	yes	4.2.0
evaluate	/home/yaotianran/bin/mambaforge/envs/py310/lib/R/library	0.15	NA	R (>= 3.0.2)	methods	NA	covr, ggplot2, lattice, testthat	NA	MIT + file LICENSE	NA	NA	NA	NA	no	4.2.0
fansi	/home/yaotianran/bin/mambaforge/envs/py310/lib/R/library	1.0.3	NA	R (>= 3.1.0)	grDevices, utils	NA	unitizer, knitr, rmarkdown	NA	GPL-2 | GPL-3	NA	NA	NA	NA	yes	4.2.0
farver	/home/yaotianran/bin/mambaforge/envs/py310/lib/R/library	2.1.0	NA	NA	NA	NA	testthat (>= 2.1.0), covr	NA	MIT + file LICENSE	NA	NA	NA	NA	yes	4.2.0
fastmap	/home/yaotianran/bin/mambaforge/envs/py310/lib/R/library	1.1.0	NA	NA	NA	NA	testthat (>= 2.1.1)	NA	MIT + file LICENSE	NA	NA	NA	NA	yes	4.2.0
fontawesome	/home/yaotianran/bin/mambaforge/envs/py310/lib/R/library	0.2.2	NA	R (>= 3.3.0)	rlang (>= 0.4.10), htmltools (>= 0.5.1.1)	NA	covr, knitr, testthat, rsvg	NA	MIT + file LICENSE	NA	NA	NA	NA	no	4.2.0
forcats	/home/yaotianran/bin/mambaforge/envs/py310/lib/R/library	0.5.1	NA	R (>= 3.2)	ellipsis, magrittr, rlang, tibble	NA	covr, dplyr, ggplot2, knitr, readr, rmarkdown, testthat	NA	MIT + file LICENSE	NA	NA	NA	NA	no	4.2.0
foreach	/home/yaotianran/bin/mambaforge/envs/py310/lib/R/library	1.5.2	NA	R (>= 2.5.0)	codetools, utils, iterators	NA	randomForest, doMC, doParallel, testthat, knitr, rmarkdown	NA	Apache License (== 2.0)	NA	NA	NA	NA	no	4.2.0
foreign	/home/yaotianran/bin/mambaforge/envs/py310/lib/R/library	0.8-82	NA	R (>= 4.0.0)	methods, utils, stats	NA	NA	NA	GPL (>= 2)	NA	NA	NA	NA	yes	4.2.0
formatR	/home/yaotianran/bin/mambaforge/envs/py310/lib/R/library	1.12	NA	R (>= 3.2.3)	NA	NA	rstudioapi, shiny, testit, rmarkdown, knitr	NA	GPL	NA	NA	NA	NA	no	4.2.0
fs	/home/yaotianran/bin/mambaforge/envs/py310/lib/R/library	1.5.2	NA	R (>= 3.1)	methods	NA	testthat, covr, pillar (>= 1.0.0), tibble (>= 1.1.0), crayon,
rmarkdown, knitr, withr, spelling, vctrs (>= 0.3.0)	NA	MIT + file LICENSE	NA	NA	NA	NA	yes	4.2.0
futile.logger	/home/yaotianran/bin/mambaforge/envs/py310/lib/R/library	1.4.3	NA	R (>= 3.0.0)	utils, lambda.r (>= 1.1.0), futile.options	NA	testthat, jsonlite	NA	LGPL-3	NA	NA	NA	NA	no	4.2.1
futile.options	/home/yaotianran/bin/mambaforge/envs/py310/lib/R/library	1.0.1	NA	R (>= 2.8.0)	NA	NA	NA	NA	LGPL-3	NA	NA	NA	NA	no	4.2.0
future	/home/yaotianran/bin/mambaforge/envs/py310/lib/R/library	1.26.1	NA	NA	digest, globals (>= 0.15.0), listenv (>= 0.8.0), parallel,
parallelly (>= 1.30.0), tools, utils	NA	methods, RhpcBLASctl, R.rsp, markdown	NA	LGPL (>= 2.1)	NA	NA	NA	NA	no	4.2.0
future.apply	/home/yaotianran/bin/mambaforge/envs/py310/lib/R/library	1.9.0	NA	R (>= 3.2.0), future (>= 1.22.1)	globals (>= 0.14.0), parallel, utils	NA	datasets, stats, tools, listenv (>= 0.8.0), R.rsp, markdown	NA	GPL (>= 2)	NA	NA	NA	NA	no	4.2.0
gargle	/home/yaotianran/bin/mambaforge/envs/py310/lib/R/library	1.2.0	NA	R (>= 3.3)	cli (>= 3.0.0), fs (>= 1.3.1), glue (>= 1.3.0), httr (>=
1.4.0), jsonlite, rappdirs, rlang (>= 0.4.9), rstudioapi,
stats, utils, withr	NA	aws.ec2metadata, aws.signature, covr, httpuv, knitr, mockr,
rmarkdown, sodium, spelling, testthat (>= 3.0.0)	NA	MIT + file LICENSE	NA	NA	NA	NA	no	4.2.0
generics	/home/yaotianran/bin/mambaforge/envs/py310/lib/R/library	0.1.2	NA	R (>= 3.2)	methods	NA	covr, pkgload, testthat (>= 3.0.0), tibble, withr	NA	MIT + file LICENSE	NA	NA	NA	NA	no	4.2.0
GenomeInfoDb	/home/yaotianran/bin/mambaforge/envs/py310/lib/R/library	1.34.1	NA	R (>= 4.0.0), methods, BiocGenerics (>= 0.37.0), S4Vectors (>=
0.25.12), IRanges (>= 2.13.12)	stats, stats4, utils, RCurl, GenomeInfoDbData	NA	GenomicRanges, Rsamtools, GenomicAlignments, GenomicFeatures,
TxDb.Dmelanogaster.UCSC.dm3.ensGene, BSgenome,
BSgenome.Scerevisiae.UCSC.sacCer2, BSgenome.Celegans.UCSC.ce2,
BSgenome.Hsapiens.NCBI.GRCh38, RUnit, BiocStyle, knitr	NA	Artistic-2.0	NA	NA	NA	NA	no	4.2.2
GenomeInfoDbData	/home/yaotianran/bin/mambaforge/envs/py310/lib/R/library	1.2.9	NA	R (>= 3.5.0)	NA	NA	NA	NA	Artistic-2.0	NA	NA	NA	NA	no	4.2.2
GenomicAlignments	/home/yaotianran/bin/mambaforge/envs/py310/lib/R/library	1.34.0	NA	R (>= 4.0.0), methods, BiocGenerics (>= 0.37.0), S4Vectors (>=
0.27.12), IRanges (>= 2.23.9), GenomeInfoDb (>= 1.13.1),
GenomicRanges (>= 1.41.5), SummarizedExperiment (>= 1.9.13),
Biostrings (>= 2.55.7), Rsamtools (>= 1.31.2)	methods, utils, stats, BiocGenerics, S4Vectors, IRanges,
GenomicRanges, Biostrings, Rsamtools, BiocParallel	S4Vectors, IRanges	ShortRead, rtracklayer, BSgenome, GenomicFeatures,
RNAseqData.HNRNPC.bam.chr14, pasillaBamSubset,
TxDb.Hsapiens.UCSC.hg19.knownGene,
TxDb.Dmelanogaster.UCSC.dm3.ensGene,
BSgenome.Dmelanogaster.UCSC.dm3, BSgenome.Hsapiens.UCSC.hg19,
DESeq2, edgeR, RUnit, BiocStyle	NA	Artistic-2.0	NA	NA	NA	NA	yes	4.2.2
GenomicRanges	/home/yaotianran/bin/mambaforge/envs/py310/lib/R/library	1.50.0	NA	R (>= 4.0.0), methods, stats4, BiocGenerics (>= 0.37.0),
S4Vectors (>= 0.27.12), IRanges (>= 2.31.2), GenomeInfoDb (>=
1.15.2)	utils, stats, XVector (>= 0.29.2)	S4Vectors, IRanges	Matrix, Biobase, AnnotationDbi, annotate, Biostrings (>=
2.25.3), SummarizedExperiment (>= 0.1.5), Rsamtools (>=
1.13.53), GenomicAlignments, rtracklayer, BSgenome,
GenomicFeatures, Gviz, VariantAnnotation, AnnotationHub,
DESeq2, DEXSeq, edgeR, KEGGgraph, RNAseqData.HNRNPC.bam.chr14,
pasillaBamSubset, KEGGREST, hgu95av2.db, hgu95av2probe,
BSgenome.Scerevisiae.UCSC.sacCer2, BSgenome.Hsapiens.UCSC.hg19,
BSgenome.Mmusculus.UCSC.mm10,
TxDb.Athaliana.BioMart.plantsmart22,
TxDb.Dmelanogaster.UCSC.dm3.ensGene,
TxDb.Hsapiens.UCSC.hg19.knownGene,
TxDb.Mmusculus.UCSC.mm10.knownGene, RUnit, digest, knitr,
rmarkdown, BiocStyle	NA	Artistic-2.0	NA	NA	NA	NA	yes	4.2.2
getopt	/home/yaotianran/bin/mambaforge/envs/py310/lib/R/library	1.20.3	NA	NA	stats	NA	covr, testthat	NA	GPL (>= 2)	NA	NA	NA	NA	no	4.2.0
ggplot2	/home/yaotianran/bin/mambaforge/envs/py310/lib/R/library	3.3.6	NA	R (>= 3.3)	digest, glue, grDevices, grid, gtable (>= 0.1.1), isoband,
MASS, mgcv, rlang (>= 0.4.10), scales (>= 0.5.0), stats,
tibble, withr (>= 2.0.0)	NA	covr, ragg, dplyr, ggplot2movies, hexbin, Hmisc, interp,
knitr, lattice, mapproj, maps, maptools, multcomp, munsell,
nlme, profvis, quantreg, RColorBrewer, rgeos, rmarkdown, rpart,
sf (>= 0.7-3), svglite (>= 1.2.0.9001), testthat (>= 2.1.0),
vdiffr (>= 1.0.0), xml2	sp	MIT + file LICENSE	NA	NA	NA	NA	no	4.2.0
ggrepel	/home/yaotianran/bin/mambaforge/envs/py310/lib/R/library	0.9.2	NA	R (>= 3.0.0), ggplot2 (>= 2.2.0)	grid, Rcpp, rlang (>= 0.3.0), scales (>= 0.5.0)	Rcpp	knitr, rmarkdown, testthat, svglite, vdiffr, gridExtra,
devtools, prettydoc, ggbeeswarm, dplyr, magrittr, readr,
stringr, withr	NA	GPL-3 | file LICENSE	NA	NA	NA	NA	yes	4.2.2
gistr	/home/yaotianran/bin/mambaforge/envs/py310/lib/R/library	0.9.0	NA	NA	jsonlite, crul, httr, magrittr, assertthat, knitr, rmarkdown,
dplyr	NA	git2r, testthat	NA	MIT + file LICENSE	NA	NA	NA	NA	no	4.2.0
glmnet	/home/yaotianran/bin/mambaforge/envs/py310/lib/R/library	4.1-4	NA	R (>= 3.6.0), Matrix (>= 1.0-6)	methods, utils, foreach, shape, survival, Rcpp	RcppEigen, Rcpp	knitr, lars, testthat, xfun, rmarkdown	NA	GPL-2	NA	NA	NA	NA	yes	4.2.0
globals	/home/yaotianran/bin/mambaforge/envs/py310/lib/R/library	0.15.0	NA	R (>= 3.1.2)	codetools	NA	NA	NA	LGPL (>= 2.1)	NA	NA	NA	NA	no	4.2.0
glue	/home/yaotianran/bin/mambaforge/envs/py310/lib/R/library	1.6.2	NA	R (>= 3.4)	methods	NA	covr, crayon, DBI, dplyr, forcats, ggplot2, knitr, magrittr,
microbenchmark, R.utils, rmarkdown, rprintf, RSQLite, stringr,
testthat (>= 3.0.0), vctrs (>= 0.3.0), waldo (>= 0.3.0), withr	NA	MIT + file LICENSE	NA	NA	NA	NA	yes	4.2.0
googledrive	/home/yaotianran/bin/mambaforge/envs/py310/lib/R/library	2.0.0	NA	R (>= 3.3)	cli (>= 3.0.0), gargle (>= 1.2.0), glue (>= 1.4.2), httr,
jsonlite, lifecycle, magrittr, pillar, purrr (>= 0.2.3), rlang
(>= 0.4.9), tibble (>= 2.0.0), utils, uuid, vctrs (>= 0.3.0),
withr	NA	covr, curl, downlit, dplyr (>= 1.0.0), knitr, mockr,
rmarkdown, roxygen2, sodium, spelling, testthat (>= 3.0.0)	NA	MIT + file LICENSE	NA	NA	NA	NA	no	4.2.0
googlesheets4	/home/yaotianran/bin/mambaforge/envs/py310/lib/R/library	1.0.0	NA	R (>= 3.3)	cellranger, cli (>= 3.0.0), curl, gargle (>= 1.2.0), glue (>=
1.3.0), googledrive (>= 2.0.0), httr, ids, magrittr, methods,
purrr, rematch2, rlang (>= 0.4.11), tibble (>= 2.1.1), utils,
vctrs (>= 0.2.3)	NA	covr, readr, rmarkdown, sodium, spelling, testthat (>=
3.0.0), withr	NA	MIT + file LICENSE	NA	NA	NA	NA	no	4.2.0
gower	/home/yaotianran/bin/mambaforge/envs/py310/lib/R/library	1.0.0	NA	NA	NA	NA	tinytest (>= 0.9.3),	NA	GPL-3	NA	NA	NA	NA	yes	4.2.0
graphics	/home/yaotianran/bin/mambaforge/envs/py310/lib/R/library	4.2.2	base	NA	grDevices	NA	NA	NA	Part of R 4.2.2	NA	NA	NA	NA	yes	4.2.2
grDevices	/home/yaotianran/bin/mambaforge/envs/py310/lib/R/library	4.2.2	base	NA	NA	NA	KernSmooth	NA	Part of R 4.2.2	NA	NA	NA	NA	yes	4.2.2
grid	/home/yaotianran/bin/mambaforge/envs/py310/lib/R/library	4.2.2	base	NA	grDevices, utils	NA	NA	NA	Part of R 4.2.2	NA	NA	NA	NA	yes	4.2.2
gtable	/home/yaotianran/bin/mambaforge/envs/py310/lib/R/library	0.3.0	NA	R (>= 3.0)	grid	NA	covr, testthat, knitr, rmarkdown, ggplot2, profvis	NA	GPL-2	NA	NA	NA	NA	no	4.2.0
hardhat	/home/yaotianran/bin/mambaforge/envs/py310/lib/R/library	0.2.0	NA	R (>= 2.10)	glue, rlang (>= 0.4.2), tibble, vctrs (>= 0.3.0)	NA	covr, crayon, devtools, knitr, Matrix, modeldata (>= 0.0.2),
recipes (>= 0.1.8), rmarkdown (>= 2.3), roxygen2, testthat (>=
2.1.0), usethis	NA	MIT + file LICENSE	NA	NA	NA	NA	no	4.2.0
haven	/home/yaotianran/bin/mambaforge/envs/py310/lib/R/library	2.5.0	NA	R (>= 3.4)	cli (>= 3.0.0), forcats (>= 0.2.0), hms, lifecycle, methods,
readr (>= 0.1.0), rlang (>= 0.4.0), tibble, tidyselect, vctrs
(>= 0.3.0)	cpp11	covr, crayon, fs, knitr, pillar (>= 1.4.0), rmarkdown,
testthat (>= 3.0.0)	NA	MIT + file LICENSE	NA	NA	NA	NA	yes	4.2.0
hexbin	/home/yaotianran/bin/mambaforge/envs/py310/lib/R/library	1.28.2	NA	R (>= 2.0.1), methods	lattice, grid, graphics, grDevices, stats, utils	NA	marray, affy, Biobase, limma, knitr	NA	GPL-2	NA	NA	NA	NA	yes	4.2.0
highr	/home/yaotianran/bin/mambaforge/envs/py310/lib/R/library	0.9	NA	R (>= 3.2.3)	xfun (>= 0.18)	NA	knitr, markdown, testit	NA	GPL	NA	NA	NA	NA	no	4.2.0
HMMcopy	/home/yaotianran/bin/mambaforge/envs/py310/lib/R/library	1.40.0	NA	R (>= 2.10.0), data.table (>= 1.11.8)	NA	NA	NA	NA	GPL-3	NA	NA	NA	NA	yes	4.2.1
hms	/home/yaotianran/bin/mambaforge/envs/py310/lib/R/library	1.1.1	NA	NA	ellipsis (>= 0.3.2), lifecycle, methods, pkgconfig, rlang,
vctrs (>= 0.3.8)	NA	crayon, lubridate, pillar (>= 1.1.0), testthat (>= 3.0.0)	NA	MIT + file LICENSE	NA	NA	NA	NA	no	4.2.0
htmltools	/home/yaotianran/bin/mambaforge/envs/py310/lib/R/library	0.5.2	NA	R (>= 2.14.1)	utils, digest, grDevices, base64enc, rlang (>= 0.4.10),
fastmap	NA	markdown, testthat, withr, Cairo, ragg, shiny	knitr	GPL (>= 2)	NA	NA	NA	NA	yes	4.2.0
htmlwidgets	/home/yaotianran/bin/mambaforge/envs/py310/lib/R/library	1.5.4	NA	NA	grDevices, htmltools (>= 0.3), jsonlite (>= 0.9.16), yaml	NA	knitr (>= 1.8), rmarkdown, testthat	shiny (>= 1.1)	MIT + file LICENSE	NA	NA	NA	NA	no	4.2.0
httpcode	/home/yaotianran/bin/mambaforge/envs/py310/lib/R/library	0.3.0	NA	NA	NA	NA	testthat	NA	MIT + file LICENSE	NA	NA	NA	NA	no	4.2.0
httpuv	/home/yaotianran/bin/mambaforge/envs/py310/lib/R/library	1.6.5	NA	R (>= 2.15.1)	Rcpp (>= 1.0.7), utils, R6, promises, later (>= 0.8.0)	Rcpp, later	testthat, callr, curl, websocket	NA	GPL (>= 2) | file LICENSE	NA	NA	NA	NA	yes	4.2.0
httr	/home/yaotianran/bin/mambaforge/envs/py310/lib/R/library	1.4.3	NA	R (>= 3.2)	curl (>= 3.0.0), jsonlite, mime, openssl (>= 0.8), R6	NA	covr, httpuv, jpeg, knitr, png, readr, rmarkdown, testthat
(>= 0.8.0), xml2	NA	MIT + file LICENSE	NA	NA	NA	NA	no	4.2.0
ichorCNA	/home/yaotianran/bin/mambaforge/envs/py310/lib/R/library	0.5.0	NA	R (>= 4.1.2)	HMMcopy (>= 1.14.0),
GenomicRanges (>= 1.36.0),
GenomeInfoDb (>= 1.20.0),
doMC (>= 1.3.6),
foreach (>= 1.5.0),
BSgenome.Hsapiens.UCSC.hg19 (>= 1.4.3),
BSgenome.Hsapiens.UCSC.hg38 (>= 1.4.4),
ggplot2 (>= 3.3.5),
stringr (>= 1.4.0)	NA	NA	NA	GPL-3	NA	NA	NA	NA	NA	4.2.2
ids	/home/yaotianran/bin/mambaforge/envs/py310/lib/R/library	1.0.1	NA	NA	openssl, uuid	NA	knitr, rcorpora, rmarkdown, testthat	NA	MIT + file LICENSE	NA	NA	NA	NA	no	4.2.0
ipred	/home/yaotianran/bin/mambaforge/envs/py310/lib/R/library	0.9-12	NA	R (>= 2.10)	rpart (>= 3.1-8), MASS, survival, nnet, class, prodlim	NA	mvtnorm, mlbench, TH.data, randomForest, party	NA	GPL (>= 2)	NA	NA	NA	NA	yes	4.2.0
IRanges	/home/yaotianran/bin/mambaforge/envs/py310/lib/R/library	2.32.0	NA	R (>= 4.0.0), methods, utils, stats, BiocGenerics (>= 0.39.2),
S4Vectors (>= 0.33.3)	stats4	S4Vectors	XVector, GenomicRanges, Rsamtools, GenomicAlignments,
GenomicFeatures, BSgenome.Celegans.UCSC.ce2, pasillaBamSubset,
RUnit, BiocStyle	NA	Artistic-2.0	NA	NA	NA	NA	yes	4.2.1
IRdisplay	/home/yaotianran/bin/mambaforge/envs/py310/lib/R/library	1.1	NA	R (>= 3.0.1)	methods, repr	NA	testthat, withr	NA	MIT + file LICENSE	NA	NA	NA	NA	no	4.2.0
IRkernel	/home/yaotianran/bin/mambaforge/envs/py310/lib/R/library	1.3	NA	R (>= 3.2.0)	repr (>= 0.4.99),
methods,
evaluate (>= 0.10),
IRdisplay (>= 0.3.0.9999),
pbdZMQ (>= 0.2-1),
crayon,
jsonlite (>= 0.9.6),
uuid,
digest	NA	testthat,
roxygen2	NA	MIT + file LICENSE	NA	NA	NA	NA	NA	4.2.0
isoband	/home/yaotianran/bin/mambaforge/envs/py310/lib/R/library	0.2.5	NA	NA	grid, utils	NA	covr, ggplot2, knitr, magick, microbenchmark, rmarkdown, sf,
testthat, xml2	NA	MIT + file LICENSE	NA	NA	NA	NA	yes	4.2.0
iterators	/home/yaotianran/bin/mambaforge/envs/py310/lib/R/library	1.0.14	NA	R (>= 2.5.0), utils	NA	NA	RUnit, foreach	NA	Apache License (== 2.0)	NA	NA	NA	NA	no	4.2.0
jquerylib	/home/yaotianran/bin/mambaforge/envs/py310/lib/R/library	0.1.4	NA	NA	htmltools	NA	testthat	NA	MIT + file LICENSE	NA	NA	NA	NA	no	4.2.0
jsonlite	/home/yaotianran/bin/mambaforge/envs/py310/lib/R/library	1.8.0	NA	methods	NA	NA	httr, curl, vctrs, testthat, knitr, rmarkdown, R.rsp, sf	NA	MIT + file LICENSE	NA	NA	NA	NA	yes	4.2.0
KernSmooth	/home/yaotianran/bin/mambaforge/envs/py310/lib/R/library	2.23-20	recommended	R (>= 2.5.0), stats	NA	NA	MASS, carData	NA	Unlimited	NA	NA	NA	NA	yes	4.2.0
knitr	/home/yaotianran/bin/mambaforge/envs/py310/lib/R/library	1.39	NA	R (>= 3.3.0)	evaluate (>= 0.15), highr, methods, stringr (>= 0.6), yaml (>=
2.1.19), xfun (>= 0.29), tools	NA	markdown, formatR, testit, digest, rgl (>= 0.95.1201),
codetools, rmarkdown, htmlwidgets (>= 0.7), webshot, tikzDevice
(>= 0.10), tinytex, reticulate (>= 1.4), JuliaCall (>= 0.11.1),
magick, png, jpeg, gifski, xml2 (>= 1.2.0), httr, DBI (>=
0.4-1), showtext, tibble, sass, bslib, ragg, styler (>= 1.2.0),
targets (>= 0.6.0)	NA	GPL	NA	NA	NA	NA	no	4.2.0
labeling	/home/yaotianran/bin/mambaforge/envs/py310/lib/R/library	0.4.2	NA	NA	stats, graphics	NA	NA	NA	MIT + file LICENSE | Unlimited	NA	NA	NA	NA	no	4.2.0
lambda.r	/home/yaotianran/bin/mambaforge/envs/py310/lib/R/library	1.2.4	NA	R (>= 3.0.0)	formatR	NA	testit	NA	LGPL-3	NA	NA	NA	NA	no	4.2.0
later	/home/yaotianran/bin/mambaforge/envs/py310/lib/R/library	1.3.0	NA	NA	Rcpp (>= 0.12.9), rlang	Rcpp	knitr, rmarkdown, testthat (>= 2.1.0)	NA	MIT + file LICENSE	NA	NA	NA	NA	yes	4.2.0
lattice	/home/yaotianran/bin/mambaforge/envs/py310/lib/R/library	0.20-45	NA	R (>= 3.0.0)	grid, grDevices, graphics, stats, utils	NA	KernSmooth, MASS, latticeExtra	chron	GPL (>= 2)	NA	NA	NA	NA	yes	4.2.0
lava	/home/yaotianran/bin/mambaforge/envs/py310/lib/R/library	1.6.10	NA	R (>= 3.0)	future.apply, progressr, grDevices, graphics, methods,
numDeriv, stats, survival, SQUAREM, utils	NA	KernSmooth, Matrix, Rgraphviz, data.table, ellipse, fields,
geepack, gof (>= 0.9), graph, knitr, bookdown, rmarkdown,
igraph (>= 0.6), lava.tobit (>= 0.4.7), lavaSearch2, lme4,
magrittr, mets (>= 1.1), nlme, optimx, polycor, quantreg, rgl,
R.rsp (>= 0.40), testthat (>= 0.11), visNetwork, zoo	NA	GPL-3	NA	NA	NA	NA	no	4.2.0
lazyeval	/home/yaotianran/bin/mambaforge/envs/py310/lib/R/library	0.2.2	NA	R (>= 3.1.0)	NA	NA	knitr, rmarkdown (>= 0.2.65), testthat, covr	NA	GPL-3	NA	NA	NA	NA	yes	4.2.0
lifecycle	/home/yaotianran/bin/mambaforge/envs/py310/lib/R/library	1.0.1	NA	R (>= 3.3)	glue, rlang (>= 0.4.10)	NA	covr, crayon, lintr, tidyverse, knitr, rmarkdown, testthat
(>= 3.0.1), tools, tibble, vctrs	NA	MIT + file LICENSE	NA	NA	NA	NA	no	4.2.0
listenv	/home/yaotianran/bin/mambaforge/envs/py310/lib/R/library	0.8.0	NA	R (>= 3.1.2)	NA	NA	R.utils, R.rsp, markdown	NA	LGPL (>= 2.1)	NA	NA	NA	NA	no	4.2.0
lobstr	/home/yaotianran/bin/mambaforge/envs/py310/lib/R/library	1.1.1	NA	R (>= 3.2)	crayon, Rcpp, rlang (>= 0.3.0)	Rcpp	covr, pillar, pkgdown, testthat	NA	GPL-3	NA	NA	NA	NA	yes	4.2.0
lubridate	/home/yaotianran/bin/mambaforge/envs/py310/lib/R/library	1.8.0	NA	methods, R (>= 3.2)	generics	cpp11 (>= 0.2.7)	covr, knitr, testthat (>= 2.1.0), vctrs (>= 0.3.0), rmarkdown	chron, timeDate, tis, zoo	GPL (>= 2)	NA	NA	NA	NA	yes	4.2.0
magrittr	/home/yaotianran/bin/mambaforge/envs/py310/lib/R/library	2.0.3	NA	R (>= 3.4.0)	NA	NA	covr, knitr, rlang, rmarkdown, testthat	NA	MIT + file LICENSE	NA	NA	NA	NA	yes	4.2.0
maps	/home/yaotianran/bin/mambaforge/envs/py310/lib/R/library	3.4.0	NA	R (>= 3.5.0)	graphics, utils	NA	mapproj (>= 1.2-0), mapdata (>= 2.3.0), sp, rnaturalearth	NA	GPL-2	NA	NA	NA	NA	yes	4.2.0
MASS	/home/yaotianran/bin/mambaforge/envs/py310/lib/R/library	7.3-57	NA	R (>= 3.3.0), grDevices, graphics, stats, utils	methods	NA	lattice, nlme, nnet, survival	NA	GPL-2 | GPL-3	NA	NA	NA	NA	yes	4.2.0
Matrix	/home/yaotianran/bin/mambaforge/envs/py310/lib/R/library	1.4-1	NA	R (>= 3.5.0)	methods, graphics, grid, stats, utils, lattice	NA	expm, MASS	MatrixModels, graph, SparseM, sfsmisc, igraph, maptools, sp,
spdep	GPL (>= 2) | file LICENCE	NA	NA	NA	NA	yes	4.2.0
MatrixGenerics	/home/yaotianran/bin/mambaforge/envs/py310/lib/R/library	1.10.0	NA	matrixStats (>= 0.60.1)	methods	NA	sparseMatrixStats, DelayedMatrixStats, SummarizedExperiment,
testthat (>= 2.1.0), Matrix	NA	Artistic-2.0	NA	NA	NA	NA	no	4.2.1
matrixStats	/home/yaotianran/bin/mambaforge/envs/py310/lib/R/library	0.62.0	NA	R (>= 2.12.0)	NA	NA	base64enc, ggplot2, knitr, markdown, microbenchmark,
R.devices, R.rsp	NA	Artistic-2.0	NA	NA	NA	NA	yes	4.2.0
methods	/home/yaotianran/bin/mambaforge/envs/py310/lib/R/library	4.2.2	base	NA	utils, stats	NA	codetools	NA	Part of R 4.2.2	NA	NA	NA	NA	yes	4.2.2
mgcv	/home/yaotianran/bin/mambaforge/envs/py310/lib/R/library	1.8-40	NA	R (>= 3.6.0), nlme (>= 3.1-64)	methods, stats, graphics, Matrix, splines, utils	NA	parallel, survival, MASS	NA	GPL (>= 2)	NA	NA	NA	NA	yes	4.2.0
mime	/home/yaotianran/bin/mambaforge/envs/py310/lib/R/library	0.12	NA	NA	tools	NA	NA	NA	GPL	NA	NA	NA	NA	yes	4.2.0
ModelMetrics	/home/yaotianran/bin/mambaforge/envs/py310/lib/R/library	1.2.2.2	NA	R (>= 3.2.2)	Rcpp, data.table	Rcpp	testthat	NA	GPL (>= 2)	NA	NA	NA	NA	yes	4.2.0
modelr	/home/yaotianran/bin/mambaforge/envs/py310/lib/R/library	0.1.8	NA	R (>= 3.2)	broom, magrittr, purrr (>= 0.2.2), rlang (>= 0.2.0), tibble,
tidyr (>= 0.8.0), tidyselect, vctrs	NA	compiler, covr, ggplot2, testthat	NA	GPL-3	NA	NA	NA	NA	no	4.2.0
munsell	/home/yaotianran/bin/mambaforge/envs/py310/lib/R/library	0.5.0	NA	NA	colorspace, methods	NA	ggplot2, testthat	NA	MIT + file LICENSE	NA	NA	NA	NA	no	4.2.0
nlme	/home/yaotianran/bin/mambaforge/envs/py310/lib/R/library	3.1-157	NA	R (>= 3.5.0)	graphics, stats, utils, lattice	NA	Hmisc, MASS, SASmixed	NA	GPL (>= 2)	NA	NA	NA	NA	yes	4.2.0
nnet	/home/yaotianran/bin/mambaforge/envs/py310/lib/R/library	7.3-17	NA	R (>= 3.0.0), stats, utils	NA	NA	MASS	NA	GPL-2 | GPL-3	NA	NA	NA	NA	yes	4.2.0
numDeriv	/home/yaotianran/bin/mambaforge/envs/py310/lib/R/library	2016.8-1.1	NA	R (>= 2.11.1)	NA	NA	NA	NA	GPL-2	NA	NA	NA	NA	no	4.2.0
openssl	/home/yaotianran/bin/mambaforge/envs/py310/lib/R/library	2.0.2	NA	NA	askpass	NA	curl, testthat (>= 2.1.0), digest, knitr, rmarkdown,
jsonlite, jose, sodium	NA	MIT + file LICENSE	NA	NA	NA	NA	yes	4.2.0
optparse	/home/yaotianran/bin/mambaforge/envs/py310/lib/R/library	1.7.1	NA	R (>= 2.9.0)	methods, getopt (>= 1.20.2)	NA	knitr (>= 1.15.19), stringr, testthat	NA	GPL (>= 2)	NA	NA	NA	NA	no	4.2.0
parallel	/home/yaotianran/bin/mambaforge/envs/py310/lib/R/library	4.2.2	base	NA	tools, compiler	NA	methods	snow, nws, Rmpi	Part of R 4.2.2	NA	NA	NA	NA	yes	4.2.2
parallelly	/home/yaotianran/bin/mambaforge/envs/py310/lib/R/library	1.31.1	NA	NA	parallel, tools, utils	NA	NA	NA	LGPL (>= 2.1)	NA	NA	NA	NA	no	4.2.0
pbdZMQ	/home/yaotianran/bin/mambaforge/envs/py310/lib/R/library	0.3-7	NA	R (>= 3.5.0)	NA	NA	NA	NA	GPL-3	NA	NA	NA	NA	yes	4.2.0
pillar	/home/yaotianran/bin/mambaforge/envs/py310/lib/R/library	1.7.0	NA	NA	cli (>= 2.3.0), crayon (>= 1.3.4), ellipsis (>= 0.3.2), fansi,
glue, lifecycle, rlang (>= 0.3.0), utf8 (>= 1.1.0), utils,
vctrs (>= 0.3.8)	NA	bit64, debugme, DiagrammeR, dplyr, formattable, ggplot2,
knitr, lubridate, nanotime, nycflights13, palmerpenguins,
rmarkdown, scales, stringi, survival, testthat (>= 3.1.1),
tibble, units (>= 0.7.2), vdiffr, withr	NA	MIT + file LICENSE	NA	NA	NA	NA	no	4.2.0
pkgconfig	/home/yaotianran/bin/mambaforge/envs/py310/lib/R/library	2.0.3	NA	NA	utils	NA	covr, testthat, disposables (>= 1.0.3)	NA	MIT + file LICENSE	NA	NA	NA	NA	no	4.2.0
plyr	/home/yaotianran/bin/mambaforge/envs/py310/lib/R/library	1.8.7	NA	R (>= 3.1.0)	Rcpp (>= 0.11.0)	Rcpp	abind, covr, doParallel, foreach, iterators, itertools,
tcltk, testthat	NA	MIT + file LICENSE	NA	NA	NA	NA	yes	4.2.0
prettyunits	/home/yaotianran/bin/mambaforge/envs/py310/lib/R/library	1.1.1	NA	NA	NA	NA	codetools, covr, testthat	NA	MIT + file LICENSE	NA	NA	NA	NA	no	4.2.0
pROC	/home/yaotianran/bin/mambaforge/envs/py310/lib/R/library	1.18.0	NA	R (>= 2.14)	methods, plyr, Rcpp (>= 0.11.1)	Rcpp	microbenchmark, tcltk, MASS, logcondens, doParallel,
testthat, vdiffr, ggplot2	NA	GPL (>= 3)	NA	NA	NA	NA	yes	4.2.0
processx	/home/yaotianran/bin/mambaforge/envs/py310/lib/R/library	3.5.3	NA	R (>= 3.4.0)	ps (>= 1.2.0), R6, utils	NA	callr (>= 3.7.0), cli (>= 1.1.0), codetools, covr, curl,
debugme, parallel, testthat (>= 3.0.0), withr	NA	MIT + file LICENSE	NA	NA	NA	NA	yes	4.2.0
prodlim	/home/yaotianran/bin/mambaforge/envs/py310/lib/R/library	2019.11.13	NA	R (>= 2.9.0)	Rcpp (>= 0.11.5), stats, grDevices, graphics, survival,
KernSmooth, lava	Rcpp	NA	NA	GPL (>= 2)	NA	NA	NA	NA	yes	4.2.0
progress	/home/yaotianran/bin/mambaforge/envs/py310/lib/R/library	1.2.2	NA	NA	hms, prettyunits, R6, crayon	NA	Rcpp, testthat, withr	NA	MIT + file LICENSE	NA	NA	NA	NA	no	4.2.0
progressr	/home/yaotianran/bin/mambaforge/envs/py310/lib/R/library	0.10.0	NA	R (>= 3.5.0)	digest, utils	NA	graphics, tcltk, beepr, crayon, pbmcapply, progress, purrr,
foreach, plyr, doFuture, future, future.apply, furrr,
rstudioapi, shiny, commonmark, base64enc, tools	NA	GPL (>= 3)	NA	NA	NA	NA	no	4.2.0
promises	/home/yaotianran/bin/mambaforge/envs/py310/lib/R/library	1.2.0.1	NA	NA	R6, Rcpp, later, rlang, stats, magrittr	later, Rcpp	testthat, future (>= 1.21.0), fastmap (>= 1.1.0), purrr,
knitr, rmarkdown, vembedr, spelling	NA	MIT + file LICENSE	NA	NA	NA	NA	yes	4.2.0
proxy	/home/yaotianran/bin/mambaforge/envs/py310/lib/R/library	0.4-26	NA	R (>= 3.4.0)	stats, utils	NA	cba	NA	GPL-2	NA	NA	NA	NA	yes	4.2.0
pryr	/home/yaotianran/bin/mambaforge/envs/py310/lib/R/library	0.1.5	NA	R (>= 3.1.0)	stringr, codetools, methods, Rcpp (>= 0.11.0), lobstr	Rcpp	testthat (>= 0.8.0)	NA	GPL-2	NA	NA	NA	NA	yes	4.2.0
ps	/home/yaotianran/bin/mambaforge/envs/py310/lib/R/library	1.7.0	NA	R (>= 3.4)	utils	NA	callr, covr, curl, pingr, processx (>= 3.1.0), R6, rlang,
testthat (>= 3.0.0), tibble	NA	MIT + file LICENSE	NA	NA	NA	NA	yes	4.2.0
purrr	/home/yaotianran/bin/mambaforge/envs/py310/lib/R/library	0.3.4	NA	R (>= 3.2)	magrittr (>= 1.5), rlang (>= 0.3.1)	NA	covr, crayon, dplyr (>= 0.7.8), knitr, rmarkdown, testthat,
tibble, tidyselect	NA	GPL-3 | file LICENSE	NA	NA	NA	NA	yes	4.2.0
quantmod	/home/yaotianran/bin/mambaforge/envs/py310/lib/R/library	0.4.20	NA	R (>= 3.2.0), xts(>= 0.9-0), zoo, TTR(>= 0.2), methods	curl	NA	DBI,RMySQL,RSQLite,timeSeries,xml2,downloader,jsonlite(>=
1.1)	NA	GPL-3	NA	NA	NA	NA	no	4.2.0
R6	/home/yaotianran/bin/mambaforge/envs/py310/lib/R/library	2.5.1	NA	R (>= 3.0)	NA	NA	testthat, pryr	NA	MIT + file LICENSE	NA	NA	NA	NA	no	4.2.0
randomForest	/home/yaotianran/bin/mambaforge/envs/py310/lib/R/library	4.7-1.1	NA	R (>= 4.1.0), stats	NA	NA	RColorBrewer, MASS	NA	GPL (>= 2)	NA	NA	NA	NA	yes	4.2.0
rappdirs	/home/yaotianran/bin/mambaforge/envs/py310/lib/R/library	0.3.3	NA	R (>= 3.2)	NA	NA	roxygen2, testthat (>= 3.0.0), covr, withr	NA	MIT + file LICENSE	NA	NA	NA	NA	yes	4.2.0
rbokeh	/home/yaotianran/bin/mambaforge/envs/py310/lib/R/library	0.5.2	NA	NA	htmlwidgets (>= 0.5), maps, methods, jsonlite, digest, hexbin,
lazyeval, pryr, magrittr, scales, gistr	NA	testthat, data.table, lattice, lintr, roxygen2 (>= 5.0.0),
latticeExtra, knitr, rmarkdown, markdown	shiny (>= 0.12)	MIT + file LICENSE	NA	NA	NA	NA	no	4.2.0
RColorBrewer	/home/yaotianran/bin/mambaforge/envs/py310/lib/R/library	1.1-3	NA	R (>= 2.0.0)	NA	NA	NA	NA	Apache License 2.0	NA	NA	NA	NA	no	4.2.0
Rcpp	/home/yaotianran/bin/mambaforge/envs/py310/lib/R/library	1.0.8.3	NA	NA	methods, utils	NA	tinytest, inline, rbenchmark, pkgKitten (>= 0.1.2)	NA	GPL (>= 2)	NA	NA	NA	NA	yes	4.2.0
RcppEigen	/home/yaotianran/bin/mambaforge/envs/py310/lib/R/library	0.3.3.9.2	NA	NA	Matrix (>= 1.1-0), Rcpp (>= 0.11.0), stats, utils	Rcpp	inline, tinytest, pkgKitten, microbenchmark	NA	GPL (>= 2) | file LICENSE	NA	NA	NA	NA	yes	4.2.0
RCurl	/home/yaotianran/bin/mambaforge/envs/py310/lib/R/library	1.98-1.6	NA	R (>= 3.4.0), methods	bitops	NA	XML	NA	BSD_3_clause + file LICENSE	NA	NA	NA	NA	yes	4.2.0
readr	/home/yaotianran/bin/mambaforge/envs/py310/lib/R/library	2.1.2	NA	R (>= 3.1)	cli (>= 3.0.0), clipr, crayon, hms (>= 0.4.1), lifecycle (>=
0.2.0), methods, R6, rlang, tibble, utils, vroom (>= 1.5.6)	cpp11, tzdb (>= 0.1.1)	covr, curl, datasets, knitr, rmarkdown, spelling, stringi,
testthat (>= 3.1.2), tzdb (>= 0.1.1), waldo, withr, xml2	NA	MIT + file LICENSE	NA	NA	NA	NA	yes	4.2.0
readxl	/home/yaotianran/bin/mambaforge/envs/py310/lib/R/library	1.4.0	NA	R (>= 3.4)	cellranger, tibble (>= 2.0.1), utils	cpp11 (>= 0.4.0), progress	knitr, rmarkdown, testthat (>= 3.0.0)	NA	MIT + file LICENSE	NA	NA	NA	NA	yes	4.2.0
recipes	/home/yaotianran/bin/mambaforge/envs/py310/lib/R/library	0.2.0	NA	dplyr, R (>= 3.1)	ellipsis, generics (>= 0.1.0.9000), glue, gower, hardhat (>=
0.1.6.9001), ipred (>= 0.9-12), lifecycle, lubridate, magrittr,
Matrix, purrr (>= 0.2.3), rlang (>= 0.4.0), stats, tibble,
tidyr (>= 1.0.0), tidyselect (>= 1.1.0), timeDate, utils,
vctrs, withr	NA	covr, ddalpha, dials (>= 0.0.10.9001), ggplot2, igraph,
kernlab, knitr, modeldata, parsnip (>= 0.1.7), RANN, RcppRoll,
rmarkdown, rpart, rsample, RSpectra, testthat (>= 3.0.0),
workflows, xml2	NA	MIT + file LICENSE	NA	NA	NA	NA	no	4.2.0
rematch	/home/yaotianran/bin/mambaforge/envs/py310/lib/R/library	1.0.1	NA	NA	NA	NA	covr, testthat	NA	MIT + file LICENSE	NA	NA	NA	NA	no	4.2.0
rematch2	/home/yaotianran/bin/mambaforge/envs/py310/lib/R/library	2.1.2	NA	NA	tibble	NA	covr, testthat	NA	MIT + file LICENSE	NA	NA	NA	NA	no	4.2.0
repr	/home/yaotianran/bin/mambaforge/envs/py310/lib/R/library	1.1.4	NA	R (>= 3.0.1)	utils, grDevices, htmltools, jsonlite, pillar (>= 1.4.0),
base64enc	NA	methods, highr, Cairo, stringr, testthat (>= 3.0.0), leaflet	data.table, tibble, htmlwidgets, vegalite, plotly, geojsonio	GPL-3	NA	NA	NA	NA	no	4.2.0
reprex	/home/yaotianran/bin/mambaforge/envs/py310/lib/R/library	2.0.1	NA	R (>= 3.3)	callr (>= 3.6.0), cli (>= 2.3.1), clipr (>= 0.4.0), fs, glue,
knitr (>= 1.23), rlang (>= 0.4.0), rmarkdown, rstudioapi,
utils, withr (>= 2.3.0)	NA	covr, fortunes, miniUI, mockr, rprojroot, sessioninfo, shiny,
spelling, styler (>= 1.2.0), testthat (>= 3.0.2)	NA	MIT + file LICENSE	NA	NA	NA	NA	no	4.2.0
reshape2	/home/yaotianran/bin/mambaforge/envs/py310/lib/R/library	1.4.4	NA	R (>= 3.1)	plyr (>= 1.8.1), Rcpp, stringr	Rcpp	covr, lattice, testthat (>= 0.8.0)	NA	MIT + file LICENSE	NA	NA	NA	NA	yes	4.2.0
restfulr	/home/yaotianran/bin/mambaforge/envs/py310/lib/R/library	0.0.15	NA	R (>= 3.4.0), methods	XML, RCurl, rjson, S4Vectors (>= 0.13.15), yaml	NA	getPass, rsolr, RUnit	NA	Artistic-2.0	NA	NA	NA	NA	yes	4.2.1
Rhtslib	/home/yaotianran/bin/mambaforge/envs/py310/lib/R/library	2.0.0	NA	NA	zlibbioc	zlibbioc	knitr, rmarkdown, BiocStyle	NA	LGPL (>= 2)	NA	NA	NA	NA	yes	4.2.1
rjson	/home/yaotianran/bin/mambaforge/envs/py310/lib/R/library	0.2.21	NA	R (>= 4.0.0)	NA	NA	NA	NA	GPL-2	NA	NA	NA	NA	yes	4.2.0
rlang	/home/yaotianran/bin/mambaforge/envs/py310/lib/R/library	1.0.2	NA	R (>= 3.4.0)	utils	NA	cli (>= 3.1.0), covr, crayon, fs, glue, knitr, magrittr,
methods, pillar, rmarkdown, stats, testthat (>= 3.0.0), tibble,
usethis, vctrs (>= 0.2.3), withr	winch	MIT + file LICENSE	NA	NA	NA	NA	yes	4.2.0
rmarkdown	/home/yaotianran/bin/mambaforge/envs/py310/lib/R/library	2.14	NA	R (>= 3.0)	bslib (>= 0.2.5.1), evaluate (>= 0.13), htmltools (>= 0.3.5),
jquerylib, jsonlite, knitr (>= 1.22), methods, stringr (>=
1.2.0), tinytex (>= 0.31), tools, utils, xfun (>= 0.30), yaml
(>= 2.1.19)	NA	digest, dygraphs, fs, rsconnect, downlit (>= 0.4.0), katex
(>= 1.4.0), sass (>= 0.4.0), shiny (>= 1.6.0), testthat (>=
3.0.3), tibble, tufte, vctrs, withr (>= 2.4.2)	NA	GPL-3	NA	NA	NA	NA	no	4.2.0
rpart	/home/yaotianran/bin/mambaforge/envs/py310/lib/R/library	4.1.16	NA	R (>= 2.15.0), graphics, stats, grDevices	NA	NA	survival	NA	GPL-2 | GPL-3	NA	NA	NA	NA	yes	4.2.0
Rsamtools	/home/yaotianran/bin/mambaforge/envs/py310/lib/R/library	2.14.0	NA	methods, GenomeInfoDb (>= 1.1.3), GenomicRanges (>= 1.31.8),
Biostrings (>= 2.47.6), R (>= 3.5.0)	utils, BiocGenerics (>= 0.25.1), S4Vectors (>= 0.17.25),
IRanges (>= 2.13.12), XVector (>= 0.19.7), zlibbioc, bitops,
BiocParallel, stats	Rhtslib (>= 1.99.3), S4Vectors, IRanges, XVector, Biostrings	GenomicAlignments, ShortRead (>= 1.19.10), GenomicFeatures,
TxDb.Dmelanogaster.UCSC.dm3.ensGene,
TxDb.Hsapiens.UCSC.hg18.knownGene, RNAseqData.HNRNPC.bam.chr14,
BSgenome.Hsapiens.UCSC.hg19, RUnit, BiocStyle	NA	Artistic-2.0 | file LICENSE	NA	NA	NA	NA	yes	4.2.2
rstudioapi	/home/yaotianran/bin/mambaforge/envs/py310/lib/R/library	0.13	NA	NA	NA	NA	testthat, knitr, rmarkdown, clipr	NA	MIT + file LICENSE	NA	NA	NA	NA	no	4.2.0
rtracklayer	/home/yaotianran/bin/mambaforge/envs/py310/lib/R/library	1.58.0	NA	R (>= 3.5.0), methods, GenomicRanges (>= 1.37.2)	XML (>= 1.98-0), BiocGenerics (>= 0.35.3), S4Vectors (>=
0.23.18), IRanges (>= 2.13.13), XVector (>= 0.19.7),
GenomeInfoDb (>= 1.15.2), Biostrings (>= 2.47.6), zlibbioc,
RCurl (>= 1.4-2), Rsamtools (>= 1.31.2), GenomicAlignments (>=
1.15.6), BiocIO, tools, restfulr (>= 0.0.13)	S4Vectors, IRanges, XVector	BSgenome (>= 1.33.4), humanStemCell, microRNA (>= 1.1.1),
genefilter, limma, org.Hs.eg.db, hgu133plus2.db,
GenomicFeatures, BSgenome.Hsapiens.UCSC.hg19,
TxDb.Hsapiens.UCSC.hg19.knownGene, RUnit	NA	Artistic-2.0 + file LICENSE	NA	NA	NA	NA	yes	4.2.2
rvest	/home/yaotianran/bin/mambaforge/envs/py310/lib/R/library	1.0.2	NA	R (>= 3.2)	httr (>= 0.5), lifecycle (>= 1.0.0), magrittr, rlang (>=
0.4.10), selectr, tibble, xml2 (>= 1.3)	NA	covr, glue, knitr, readr, rmarkdown, repurrrsive, spelling,
stringi (>= 0.3.1), testthat (>= 3.0.2), webfakes	NA	MIT + file LICENSE	NA	NA	NA	NA	no	4.2.0
S4Vectors	/home/yaotianran/bin/mambaforge/envs/py310/lib/R/library	0.36.0	NA	R (>= 4.0.0), methods, utils, stats, stats4, BiocGenerics (>=
0.37.0)	NA	NA	IRanges, GenomicRanges, SummarizedExperiment, Matrix,
DelayedArray, ShortRead, graph, data.table, RUnit, BiocStyle	NA	Artistic-2.0	NA	NA	NA	NA	yes	4.2.1
sass	/home/yaotianran/bin/mambaforge/envs/py310/lib/R/library	0.4.1	NA	NA	fs, rlang (>= 0.4.10), htmltools (>= 0.5.1), R6, rappdirs	NA	testthat, knitr, rmarkdown, withr, shiny, curl	NA	MIT + file LICENSE	NA	NA	NA	NA	yes	4.2.0
scales	/home/yaotianran/bin/mambaforge/envs/py310/lib/R/library	1.2.0	NA	R (>= 3.2)	farver (>= 2.0.3), labeling, lifecycle, munsell (>= 0.5), R6,
RColorBrewer, rlang (>= 1.0.0), viridisLite	NA	bit64, covr, dichromat, ggplot2, hms (>= 0.5.0), stringi,
testthat (>= 3.0.0), waldo (>= 0.4.0)	NA	MIT + file LICENSE	NA	NA	NA	NA	no	4.2.0
selectr	/home/yaotianran/bin/mambaforge/envs/py310/lib/R/library	0.4-2	NA	R (>= 3.0)	methods, stringr, R6	NA	testthat, XML, xml2	NA	BSD_3_clause + file LICENCE	NA	NA	NA	NA	no	4.2.0
shape	/home/yaotianran/bin/mambaforge/envs/py310/lib/R/library	1.4.6	NA	R (>= 2.01)	stats, graphics, grDevices	NA	NA	NA	GPL (>= 3)	NA	NA	NA	NA	no	4.2.0
shiny	/home/yaotianran/bin/mambaforge/envs/py310/lib/R/library	1.7.1	NA	R (>= 3.0.2), methods	utils, grDevices, httpuv (>= 1.5.2), mime (>= 0.3), jsonlite
(>= 0.9.16), xtable, fontawesome (>= 0.2.1), htmltools (>=
0.5.2), R6 (>= 2.0), sourcetools, later (>= 1.0.0), promises
(>= 1.1.0), tools, crayon, rlang (>= 0.4.10), fastmap (>=
1.1.0), withr, commonmark (>= 1.7), glue (>= 1.3.2), bslib (>=
0.3.0), cachem, ellipsis, lifecycle (>= 0.2.0)	NA	datasets, Cairo (>= 1.5-5), testthat (>= 3.0.0), knitr (>=
1.6), markdown, rmarkdown, ggplot2, reactlog (>= 1.0.0),
magrittr, shinytest (>= 1.4.0.9003), yaml, future, dygraphs,
ragg, showtext, sass	NA	GPL-3 | file LICENSE	NA	NA	NA	NA	no	4.2.0
snow	/home/yaotianran/bin/mambaforge/envs/py310/lib/R/library	0.4-4	NA	R (>= 2.13.1), utils	NA	NA	rlecuyer	Rmpi	GPL	NA	NA	NA	NA	no	4.2.0
sourcetools	/home/yaotianran/bin/mambaforge/envs/py310/lib/R/library	0.1.7	NA	R (>= 3.0.2)	NA	NA	testthat	NA	MIT + file LICENSE	NA	NA	NA	NA	yes	4.2.0
spatial	/home/yaotianran/bin/mambaforge/envs/py310/lib/R/library	7.3-15	NA	R (>= 3.0.0), graphics, stats, utils	NA	NA	MASS	NA	GPL-2 | GPL-3	NA	NA	NA	NA	yes	4.2.0
splines	/home/yaotianran/bin/mambaforge/envs/py310/lib/R/library	4.2.2	base	NA	graphics, stats	NA	Matrix, methods	NA	Part of R 4.2.2	NA	NA	NA	NA	yes	4.2.2
SQUAREM	/home/yaotianran/bin/mambaforge/envs/py310/lib/R/library	2021.1	NA	R (>= 3.0)	NA	NA	setRNG	NA	GPL (>= 2)	NA	NA	NA	NA	no	4.2.0
stats	/home/yaotianran/bin/mambaforge/envs/py310/lib/R/library	4.2.2	base	NA	utils, grDevices, graphics	NA	MASS, Matrix, SuppDists, methods, stats4	NA	Part of R 4.2.2	NA	NA	NA	NA	yes	4.2.2
stats4	/home/yaotianran/bin/mambaforge/envs/py310/lib/R/library	4.2.2	base	NA	graphics, methods, stats	NA	NA	NA	Part of R 4.2.2	NA	NA	NA	NA	NA	4.2.2
stringi	/home/yaotianran/bin/mambaforge/envs/py310/lib/R/library	1.7.8	NA	R (>= 3.1)	tools, utils, stats	NA	NA	NA	file LICENSE	NA	NA	NA	NA	yes	4.2.2
stringr	/home/yaotianran/bin/mambaforge/envs/py310/lib/R/library	1.4.0	NA	R (>= 3.1)	glue (>= 1.2.0), magrittr, stringi (>= 1.1.7)	NA	covr, htmltools, htmlwidgets, knitr, rmarkdown, testthat	NA	GPL-2 | file LICENSE	NA	NA	NA	NA	no	4.2.0
SummarizedExperiment	/home/yaotianran/bin/mambaforge/envs/py310/lib/R/library	1.28.0	NA	R (>= 4.0.0), methods, MatrixGenerics (>= 1.1.3),
GenomicRanges (>= 1.41.5), Biobase	utils, stats, tools, Matrix, BiocGenerics (>= 0.37.0),
S4Vectors (>= 0.33.7), IRanges (>= 2.23.9), GenomeInfoDb (>=
1.13.1), DelayedArray (>= 0.15.10)	NA	HDF5Array (>= 1.7.5), annotate, AnnotationDbi, hgu95av2.db,
GenomicFeatures, TxDb.Hsapiens.UCSC.hg19.knownGene, jsonlite,
rhdf5, airway (>= 1.15.1), BiocStyle, knitr, rmarkdown, RUnit,
testthat, digest	NA	Artistic-2.0	NA	NA	NA	NA	no	4.2.2
survival	/home/yaotianran/bin/mambaforge/envs/py310/lib/R/library	3.3-1	NA	R (>= 3.5.0)	graphics, Matrix, methods, splines, stats, utils	NA	NA	NA	LGPL (>= 2)	NA	NA	NA	NA	yes	4.2.0
sys	/home/yaotianran/bin/mambaforge/envs/py310/lib/R/library	3.4	NA	NA	NA	NA	unix (>= 1.4), spelling, testthat	NA	MIT + file LICENSE	NA	NA	NA	NA	yes	4.2.0
tcltk	/home/yaotianran/bin/mambaforge/envs/py310/lib/R/library	4.2.2	base	NA	utils	NA	NA	NA	Part of R 4.2.2	NA	NA	NA	NA	yes	4.2.2
tibble	/home/yaotianran/bin/mambaforge/envs/py310/lib/R/library	3.1.7	NA	R (>= 3.1.0)	ellipsis (>= 0.3.2), fansi (>= 0.4.0), lifecycle (>= 1.0.0),
magrittr, methods, pillar (>= 1.7.0), pkgconfig, rlang (>=
1.0.1), utils, vctrs (>= 0.3.8)	NA	bench, bit64, blob, brio, callr, cli, covr, crayon (>=
1.3.4), DiagrammeR, dplyr, evaluate, formattable, ggplot2, hms,
htmltools, knitr, lubridate, mockr, nycflights13, pkgbuild,
pkgload, purrr, rmarkdown, stringi, testthat (>= 3.0.2), tidyr,
withr	NA	MIT + file LICENSE	NA	NA	NA	NA	yes	4.2.0
tidyr	/home/yaotianran/bin/mambaforge/envs/py310/lib/R/library	1.2.0	NA	R (>= 3.1)	dplyr (>= 1.0.0), ellipsis (>= 0.1.0), glue, lifecycle,
magrittr, purrr, rlang, tibble (>= 2.1.1), tidyselect (>=
1.1.0), utils, vctrs (>= 0.3.7)	cpp11 (>= 0.4.0)	covr, data.table, jsonlite, knitr, readr, repurrrsive (>=
1.0.0), rmarkdown, testthat (>= 3.0.0)	NA	MIT + file LICENSE	NA	NA	NA	NA	yes	4.2.0
tidyselect	/home/yaotianran/bin/mambaforge/envs/py310/lib/R/library	1.1.2	NA	R (>= 3.2)	ellipsis, glue (>= 1.3.0), purrr (>= 0.3.2), rlang (>= 1.0.1),
vctrs (>= 0.3.0)	NA	covr, crayon, dplyr, knitr, magrittr, rmarkdown, testthat (>=
3.1.1), tibble (>= 2.1.3), withr	NA	MIT + file LICENSE	NA	NA	NA	NA	yes	4.2.0
tidyverse	/home/yaotianran/bin/mambaforge/envs/py310/lib/R/library	1.3.2	NA	R (>= 3.3)	broom (>= 0.7.10), cli (>= 3.1.0), crayon (>= 1.4.2), dbplyr
(>= 2.1.1), dplyr (>= 1.0.7), dtplyr (>= 1.2.0), forcats (>=
0.5.1), ggplot2 (>= 3.3.5), googledrive (>= 2.0.0),
googlesheets4 (>= 1.0.0), haven (>= 2.4.3), hms (>= 1.1.1),
httr (>= 1.4.2), jsonlite (>= 1.7.2), lubridate (>= 1.8.0),
magrittr (>= 2.0.1), modelr (>= 0.1.8), pillar (>= 1.6.4),
purrr (>= 0.3.4), readr (>= 2.1.1), readxl (>= 1.3.1), reprex
(>= 2.0.1), rlang (>= 0.4.12), rstudioapi (>= 0.13), rvest (>=
1.0.2), stringr (>= 1.4.0), tibble (>= 3.1.6), tidyr (>=
1.1.4), xml2 (>= 1.3.3)	NA	covr, feather, glue, knitr, rmarkdown, testthat	NA	MIT + file LICENSE	NA	NA	NA	NA	no	4.2.2
timeDate	/home/yaotianran/bin/mambaforge/envs/py310/lib/R/library	3043.102	NA	R (>= 2.15.1), graphics, utils, stats, methods	NA	NA	date, RUnit	NA	GPL (>= 2)	NA	NA	NA	NA	no	4.2.0
tinytex	/home/yaotianran/bin/mambaforge/envs/py310/lib/R/library	0.39	NA	NA	xfun (>= 0.29)	NA	testit, rstudioapi	NA	MIT + file LICENSE	NA	NA	NA	NA	no	4.2.0
tools	/home/yaotianran/bin/mambaforge/envs/py310/lib/R/library	4.2.2	base	NA	NA	NA	codetools, methods, xml2, curl, commonmark, knitr, xfun,
mathjaxr	NA	Part of R 4.2.2	NA	NA	NA	NA	yes	4.2.2
triebeard	/home/yaotianran/bin/mambaforge/envs/py310/lib/R/library	0.3.0	NA	NA	Rcpp	Rcpp	knitr, rmarkdown, testthat	NA	MIT + file LICENSE	NA	NA	NA	NA	yes	4.2.0
TTR	/home/yaotianran/bin/mambaforge/envs/py310/lib/R/library	0.24.3	NA	NA	xts (>= 0.10-0), zoo, curl	xts	RUnit	quantmod	GPL (>= 2)	NA	NA	NA	NA	yes	4.2.0
tzdb	/home/yaotianran/bin/mambaforge/envs/py310/lib/R/library	0.3.0	NA	R (>= 3.4.0)	NA	cpp11 (>= 0.4.2)	covr, testthat (>= 3.0.0)	NA	MIT + file LICENSE	NA	NA	NA	NA	yes	4.2.0
urltools	/home/yaotianran/bin/mambaforge/envs/py310/lib/R/library	1.7.3	NA	R (>= 2.10)	Rcpp, methods, triebeard	Rcpp	testthat, knitr	NA	MIT + file LICENSE	NA	NA	NA	NA	yes	4.2.0
utf8	/home/yaotianran/bin/mambaforge/envs/py310/lib/R/library	1.2.2	NA	R (>= 2.10)	NA	NA	cli, covr, knitr, rlang, rmarkdown, testthat (>= 3.0.0),
withr	NA	Apache License (== 2.0) | file LICENSE	NA	NA	NA	NA	yes	4.2.0
utils	/home/yaotianran/bin/mambaforge/envs/py310/lib/R/library	4.2.2	base	NA	NA	NA	methods, xml2, commonmark, knitr	NA	Part of R 4.2.2	NA	NA	NA	NA	yes	4.2.2
uuid	/home/yaotianran/bin/mambaforge/envs/py310/lib/R/library	1.1-0	NA	R (>= 2.9.0)	NA	NA	NA	NA	MIT + file LICENSE	NA	NA	NA	NA	yes	4.2.0
vctrs	/home/yaotianran/bin/mambaforge/envs/py310/lib/R/library	0.4.1	NA	R (>= 3.3)	cli (>= 3.2.0), glue, rlang (>= 1.0.2)	NA	bit64, covr, crayon, dplyr (>= 0.8.5), generics, knitr,
pillar (>= 1.4.4), pkgdown (>= 2.0.1), rmarkdown, testthat (>=
3.0.0), tibble (>= 3.1.3), withr, xml2, waldo (>= 0.2.0),
zeallot	NA	MIT + file LICENSE	NA	NA	NA	NA	yes	4.2.0
viridisLite	/home/yaotianran/bin/mambaforge/envs/py310/lib/R/library	0.4.0	NA	R (>= 2.10)	NA	NA	hexbin (>= 1.27.0), ggplot2 (>= 1.0.1), testthat, covr	NA	MIT + file LICENSE	NA	NA	NA	NA	no	4.2.0
vroom	/home/yaotianran/bin/mambaforge/envs/py310/lib/R/library	1.5.7	NA	R (>= 3.1)	bit64, crayon, cli, glue, hms, lifecycle, methods, rlang (>=
0.4.2), stats, tibble (>= 2.0.0), tzdb (>= 0.1.1), vctrs (>=
0.2.0), tidyselect, withr	progress (>= 1.2.1), cpp11 (>= 0.2.0), tzdb (>= 0.1.1)	archive, bench (>= 1.1.0), covr, curl, dplyr, forcats, fs,
ggplot2, knitr, patchwork, prettyunits, purrr, rmarkdown,
rstudioapi, scales, spelling, testthat (>= 2.1.0), tidyr,
utils, waldo, xml2	NA	MIT + file LICENSE	NA	NA	NA	NA	yes	4.2.0
withr	/home/yaotianran/bin/mambaforge/envs/py310/lib/R/library	2.5.0	NA	R (>= 3.2.0)	graphics, grDevices, stats	NA	callr, covr, DBI, knitr, lattice, methods, rlang, rmarkdown
(>= 2.12), RSQLite, testthat (>= 3.0.0)	NA	MIT + file LICENSE	NA	NA	NA	NA	no	4.2.0
xfun	/home/yaotianran/bin/mambaforge/envs/py310/lib/R/library	0.31	NA	NA	stats, tools	NA	testit, parallel, codetools, rstudioapi, tinytex (>= 0.30),
mime, markdown, knitr, htmltools, remotes, pak, rhub, renv,
curl, jsonlite, rmarkdown	NA	MIT + file LICENSE	NA	NA	NA	NA	yes	4.2.0
XML	/home/yaotianran/bin/mambaforge/envs/py310/lib/R/library	3.99-0.9	NA	R (>= 4.0.0), methods, utils	NA	NA	bitops, RCurl	NA	BSD_3_clause + file LICENSE	NA	NA	NA	NA	yes	4.2.0
xml2	/home/yaotianran/bin/mambaforge/envs/py310/lib/R/library	1.3.3	NA	R (>= 3.1.0)	methods	NA	covr, curl, httr, knitr, magrittr, mockery, rmarkdown,
testthat (>= 2.1.0)	NA	MIT + file LICENSE	NA	NA	NA	NA	yes	4.2.0
xtable	/home/yaotianran/bin/mambaforge/envs/py310/lib/R/library	1.8-4	NA	R (>= 2.10.0)	stats, utils	NA	knitr, plm, zoo, survival	NA	GPL (>= 2)	NA	NA	NA	NA	no	4.2.0
xts	/home/yaotianran/bin/mambaforge/envs/py310/lib/R/library	0.12.1	NA	zoo (>= 1.7-12)	methods	zoo	timeSeries, timeDate, tseries, chron, fts, tis, RUnit	NA	GPL (>= 2)	NA	NA	NA	NA	yes	4.2.0
XVector	/home/yaotianran/bin/mambaforge/envs/py310/lib/R/library	0.38.0	NA	R (>= 4.0.0), methods, BiocGenerics (>= 0.37.0), S4Vectors (>=
0.27.12), IRanges (>= 2.23.9)	methods, utils, tools, zlibbioc, BiocGenerics, S4Vectors,
IRanges	S4Vectors, IRanges	Biostrings, drosophila2probe, RUnit	NA	Artistic-2.0	NA	NA	NA	NA	yes	4.2.1
yaml	/home/yaotianran/bin/mambaforge/envs/py310/lib/R/library	2.3.5	NA	NA	NA	NA	RUnit	NA	BSD_3_clause + file LICENSE	NA	NA	NA	NA	yes	4.2.0
zlibbioc	/home/yaotianran/bin/mambaforge/envs/py310/lib/R/library	1.44.0	NA	NA	NA	NA	NA	NA	Artistic-2.0 + file LICENSE	NA	NA	NA	NA	yes	4.2.1
zoo	/home/yaotianran/bin/mambaforge/envs/py310/lib/R/library	1.8-10	NA	R (>= 3.1.0), stats	utils, graphics, grDevices, lattice (>= 0.20-27)	NA	AER, coda, chron, fts, ggplot2 (>= 3.0.0), mondate, scales,
stinepack, strucchange, timeDate, timeSeries, tis, tseries, xts	NA	GPL-2 | GPL-3	NA	NA	NA	NA	yes	4.2.0
